{
  "total_pages": 91,
  "by_status": {
    "200": 89,
    "404": 2
  },
  "by_type": {
    "\u041f\u0440\u043e\u0447\u0435\u0435": 6,
    "\u041e\u0441\u043d\u043e\u0432\u043d\u044b\u0435 \u0441\u0442\u0440\u0430\u043d\u0438\u0446\u044b": 7,
    "\u041a\u0430\u0442\u0430\u043b\u043e\u0433": 4,
    "\u0410\u0432\u0442\u043e\u0440\u0438\u0437\u0430\u0446\u0438\u044f": 3,
    "\u0421\u0442\u0440\u0430\u043d\u0438\u0446\u044b \u0442\u043e\u0432\u0430\u0440\u043e\u0432": 54,
    "\u041f\u0430\u0433\u0438\u043d\u0430\u0446\u0438\u044f": 14,
    "\u0411\u0438\u0437\u043d\u0435\u0441 (\u0434\u0440\u043e\u043f\u0448\u0438\u043f/\u043e\u043f\u0442)": 3
  },
  "avg_size_kb": 112.07079541552197,
  "total_size_mb": 9.959416389465332,
  "security_issues_count": 0,
  "errors_count": 2
}